{
  "id": "flexible-name-assistant",
  "title": "Flexible Name Assistant",
  "description": "A script to dynamically assign names to Foundry VTT tokens based on customizable categories.",
  "version": "1.0.0",
  "authors": [
    {
      "name": "Frederic Pearl",
      "discord": "your-discord-id#0000",
      "flags": {
        "github": "fpearl",
        "patreon": "",
        "ko-fi": ""
      }
    }
  ],
  "esmodules": [
    "module.js"
  ],
  "styles": [],
  "url": "https://github.com/fpearl/flexible-name-assistant",
  "download": "https://github.com/fpearl/flexible-name-assistant/flexible-name-assistant.zip",
  "manifest": "https://fpearl.github.io/flexible-name-assistant/module.json",
  "bugs": "https://github.com/fpearl/flexible-name-assistant/issues",
  "compatibility": {
    "minimum": "12",
    "verified": "12"
  }
}