{
  "id": "flexible-name-assistant",
  "title": "Flexible Name Assistant",
  "description": "A module to dynamically assign names to tokens based on customizable categories.",
  "version": "1.2.1",
  "authors": [
    {
      "name": "Frederic Pearl",
      "discord": "your-discord-id#1234",
      "url": "https://github.com/fpearl/flexible-name-assistant"
    }
  ],
  "esmodules": ["module.js"],
  "styles": [],
  "url": "https://github.com/fpearl/flexible-name-assistant",
  "manifest": "https://fpearl.github.io/flexible-name-assistant/module.json",
  "download": "https://fpearl.github.io/flexible-name-assistant/flexible-name-assistant.zip",
  "compatibility": {
    "minimum": "12",
    "verified": "12"
  }
}
