{
  "categories": {
    "Eldari": {
      "names": [
        // Female Elven Names
        "Aerendil", "Amara", "Anariel", "Aranel", "Aurelia", "Caladwen", "Celandine", "Elenna",
        "Elyssia", "Faelivrin", "Galadriel", "Ithilwen", "Isilme", "Lorien", "Melian", "Nimloth",
        "Sylvara", "Thalassa", "Vaeloria", "Yavanna", "Aerlith", "Alathea", "Althaea", "Alyssin",
        "Amariel", "Anastriana", "Anduriel", "Anwen", "Ardath", "Arlenna", "Aryndra", "Auralie",
        "Bellatrix", "Caelynn", "Celestine", "Cymbelene", "Daelynn", "Delyth", "Eirlys", "Elbereth",
        "Elariel", "Eldalote", "Elenia", "Elladari", "Elyndra", "Faela", "Faelanna", "Galadrielle",
        "Haleth", "Ilmariel", "Imbriel", "Inethiel", "Irieth", "Isilina", "Kaelith", "Kaelyssa",
        "Kallista", "Laerwen", "Lierin", "Lirien", "Lithien", "Lorelei", "Maerwyn", "Miriel",
        "Nesalyn", "Nymeria", "Oliviel", "Quenyariel", "Reniel", "Rhianna", "Selendri", "Shalana",
        "Sindra", "Sylveth", "Talindra", "Thessalia", "Tindra", "Velatha", "Vilya", "Xenytha",
        "Ylathia", "Zarael",

        // Ambiguous Elven Names
        "Aerion", "Althion", "Ardion", "Calion", "Eryndor", "Faelar", "Nithion", "Ralion", "Varis", "Zeryth"
      ],
      "titles": [
        "Operative", "Captain", "Starweaver", "Mooncaller", "Lightbearer"
      ]
    },
    "Wastelander": {
      "names": [
        "Rustclaw", "Shadehound", "Grease Fang", "Mudcrawler", "Ironhide", "Junkrat", "Scrapjaw", "Rotfang"
      ],
      "titles": [
        "Scraplord", "Scavenger", "Warlord", "Pit Boss", "Road King"
      ]
    },
    "Undead": {
      "names": [
        "Hauntcaller", "Wraithcaller", "Sorrowbane", "Void Herald", "Graveborn", "Dreadshade", "Bonecrush", "Specterveil"
      ],
      "titles": [
        "Bone King", "Lich Lord", "Spectral Warden", "Dread Overlord", "Crypt Keeper"
      ]
    },
    "CustomCategory": {
      "names": [
        "CustomName1", "CustomName2", "CustomName3", "CustomName4"
      ],
      "titles": [
        "CustomTitle1", "CustomTitle2"
      ]
    }
  }
}
